{"bego": 0.6646933165839133, "rejim": 0.7037070346533263, "asing": 1.4424157023020618, "anjing": 1.6417687137640042, "perek": 1.0711393962672735, "gembrot": 1.7891206480827928, "sinting": 1.5774708744132755, "ngentot": 1.1780561269733445, "burik": 0.949184112125198, "dongok": 1.2312016992188806, "haha": 0.8204318936877076, "berengsek": 1.8887942627226237, "ampas": 0.9945718479296095, "jembud": 1.1903581067191218, "celeng": 1.4182200110026895, "kimak": 0.9373464893645523, "homo": 0.4308346394984326, "gembel": 1.1459191895090637, "buaya": 1.201918783819854, "cungkring": 2.427791553265742, "jembut": 1.5943225633151572, "tolol": 0.7735380116959065, "congor": 1.2314844565812348, "geblek": 1.0556056965601917, "monyet": 0.9863621921932484, "transgender": 2.4934396844717384, "cebong": 1.8041780895361939, "cacat": 1.2787610649293049, "edan": 0.7295271182859004, "culun": 0.7177008280503725, "sange": 0.8621372596555144, "lengser": 1.330876688470629, "lonte": 0.621914129186916, "kontol": 1.1507906032491935, "kampret": 1.4026127656238185, "nista": 1.0086061015536603, "sampah": 1.3923362484594233, "panasbung": 2.412038161059667, "memek": 0.733644100880376, "bangsat": 1.9892932338932963, "seks": 0.7297814790122692, "anjir": 1.095081809508039, "tuyul": 0.9892001244942422, "ayam kampus": 3.4454971578279334, "kafir": 1.1717918873281516, "pasukan nasi": 3.7309576246024427, "ngaceng": 1.447405244195262, "udik": 0.8492924985462298, "dungu": 0.8796860014838137, "najis": 1.0759906191367785, "budek": 0.7610046741825843, "serbet": 1.067674811535852, "pantat": 1.5165792775944524, "pecun": 0.9295272825388502, "banci": 1.1221550964504623, "jijik": 0.9540974529346622, "hina": 0.6034364930522871, "kacrut": 1.3076001053014457, "panastak": 1.7069767494728423, "kampungan": 2.0578864111902266, "lgbt": 1.8431372549019607, "sipit": 0.6921194734967346, "cupu": 0.3453555502468546, "iblis": 0.9219991733641373, "idiot": 0.8238059708220771, "kampang": 2.1250850027480372, "lesbi": 0.9325254416532306, "jancuk": 1.3741758583292092, "mampus": 1.6043593882548413, "gila": 0.5235361133365981, "jamban": 1.6716191043463944, "benci": 0.9216837145418557, "bacot": 0.9151962041455168, "ateis": 0.8233274047227535, "bisyar": 1.2422938393942946, "bani": 0.9457842487528657, "kunyuk": 1.0973140934700583, "sitip": 0.7792308110929875, "onta": 0.7339325370471088, "bodoh": 1.2077872471701478, "bencong": 1.6309357226058427, "kejam": 1.1957682243378833, "ngewe": 0.7970422007551584, "bandot": 1.3092699372952612, "koreng": 1.3915054683423935, "bani kotak": 2.999380652349269, "tai": 0.8107263107263107, "bispak": 1.0593469923345442, "picek": 0.7160036742205302, "cct": 1.5095238095238095, "rezim": 1.620648426594718, "babi": 0.6758820169810961, "goblok": 1.0755207526105357, "modar": 0.9664868610345468, "alay": 0.5345816996787137, "gay": 0.4673414304993252, "bokep": 0.5427581011276563, "cebonk": 1.5248149795279224, "bajingan": 1.7545783315180126, "silit": 0.7624250934716892, "sontoloyo": 1.5250256874840553, "bejat": 1.5162857917229, "sok": 0.6128830546678672, "krempeng": 1.5363458194006192, "bisu": 0.3563792304115584, "porno": 1.0537682559308885, "terkutuk": 1.6172332919838661, "buta": 0.6694569474106491, "sompret": 1.1056259488363218, "berak": 1.3635517974693383, "cocot": 1.1417211328976036, "sarap": 1.0839842825314046, "keparat": 1.612882867558354, "setan": 0.9442406153999211, "bangkai": 2.0771219482687515, "antek": 0.8656896325402959, "komunis": 1.123971817440604, "jablay": 0.9381501751979677, "gendut": 1.3420881536746538, "nete": 0.38087262282218703, "autis": 0.7634641344318764, "taplak": 1.4908727678004587, "titit": 0.5817118962280252, "noob": 0.3960267229254571, "bokong": 1.6496141765745638, "munafik": 1.3260086044788877, "mucikari": 1.4550084314945428}