{"kacrut": 1.1070498418760795, "setan": 0.958107215552694, "terkutuk": 1.4685242355348187, "jancuk": 1.358176765649962, "lgbt": 1.5056818181818183, "banci": 0.954068422489475, "bangkai": 1.9642368340770298, "buaya": 1.125051451557676, "bokep": 0.4239803339135496, "sampah": 1.4073945632542917, "silit": 0.7969375645057046, "taplak": 1.334402094554173, "cebonk": 1.380540700203182, "sarap": 0.9514479707191705, "rejim": 0.6904281121181445, "burik": 0.8632572693022552, "idiot": 0.6999485894222737, "cupu": 0.26017570211721863, "kejam": 1.2044618992497766, "ateis": 0.7955450371843913, "porno": 0.8954588697943898, "bego": 0.6158942364824718, "ngentot": 1.1981478201852205, "bisu": 0.37712294099762134, "kafir": 1.1817150483060281, "dongok": 1.2499981319343378, "benci": 0.7671222245525652, "lesbi": 0.7399288562152013, "munafik": 1.446396955137439, "mucikari": 1.4222977934896899, "keparat": 1.4791539933459525, "culun": 0.6611794506907767, "onta": 0.7099058952231285, "bandot": 1.2378238783015885, "lengser": 1.330381689467779, "bejat": 1.4440256112144159, "dungu": 0.8958340573885433, "homo": 0.4009095572989034, "buta": 0.6267519357297601, "gembel": 1.189354707500233, "bani kotak": 2.8645653227055545, "kampang": 2.010383563122627, "koreng": 1.2913230424702116, "bokong": 1.5269513636058676, "nete": 0.4292993005008893, "cungkring": 2.3497134051084587, "najis": 0.9914682262685892, "edan": 0.6808268439905544, "cebong": 1.613412467498216, "krempeng": 1.5245937124352356, "nista": 0.9031394592249855, "sok": 0.6726190476190476, "pecun": 0.8918134050754334, "cct": 0.8673410404624278, "jembud": 1.0905243119461234, "seks": 0.7922945678880222, "sinting": 1.5744089379121875, "kontol": 1.0281164212106724, "berengsek": 1.7674002306918022, "panastak": 1.5637978499716658, "sompret": 1.016048837185942, "bispak": 1.0944401743260905, "cocot": 1.0609746910629174, "tuyul": 0.8451879347244516, "panasbung": 2.2232368417845585, "berak": 1.244659292288344, "bisyar": 1.1927171145518334, "antek": 0.8245759491162534, "iblis": 0.8259546858120808, "goblok": 1.2873918290720543, "sitip": 0.7751862749036889, "hina": 0.6302268886066835, "ayam kampus": 3.292212520757683, "bani": 0.9154867688702274, "titit": 0.6371686326737697, "anjing": 1.6170378055803978, "jembut": 1.4570108512328468, "pasukan nasi": 3.77068951458674, "asing": 1.463066951049751, "tolol": 0.6667087888107346, "sontoloyo": 1.3845238196029226, "rezim": 1.2143512441239834, "kimak": 0.8809380284828753, "sange": 0.8138310378029701, "cacat": 1.1571040480912953, "gay": 0.4462625383178248, "alay": 0.5023009374992707, "bencong": 1.507041160040278, "modar": 0.8776767965422947, "sipit": 0.69546621555685, "kampret": 1.3099703156596911, "kunyuk": 0.9902921751343329, "geblek": 0.9765412632805921, "bodoh": 0.9068335667600373, "babi": 0.6215697346132129, "jablay": 0.8106089938755339, "jamban": 1.5914122042387966, "ngaceng": 1.3348663714922022, "ngewe": 0.5266759545432911, "bajingan": 1.76708719657809, "noob": 0.3051564022671148, "komunis": 1.1639274146070102, "memek": 0.7494804814678776, "transgender": 2.5163228240481663, "mampus": 1.4788066394914299, "gembrot": 1.5699166393758595, "bacot": 0.9144402508246903, "autis": 0.7145393100800458, "ampas": 0.9227925169242733, "bangsat": 1.7317000055257474, "udik": 0.8106755041929488, "perek": 1.0810177196425648, "monyet": 0.8411407475809098, "budek": 0.7773582925237497, "serbet": 0.9433065005677476, "gila": 0.5252129356272693, "celeng": 1.4165509783970944, "jijik": 0.8570832401818317, "gendut": 1.3184594376123995, "pantat": 1.4634330464425616, "lonte": 0.5605312616231954, "tai": 0.7764158485795032, "anjir": 1.065137517786255, "picek": 0.7625968558073977, "kampungan": 2.01886261407482, "congor": 1.1449233782647346}