{"dungu": 0.8021474147045058, "seks": 0.7174276369545669, "transgender": 2.1676570064879064, "bokep": 0.49974362403141936, "sinting": 1.4945928186954298, "anjir": 0.9335812083782151, "setan": 0.9317064248631739, "ampas": 0.8940634628935002, "bajingan": 1.7199743704357053, "bokong": 1.5112456559564997, "buta": 0.543008387211459, "sompret": 1.1085117801370201, "kunyuk": 0.9314764593645576, "bodoh": 0.9086593689543352, "bejat": 1.340968749875179, "kacrut": 1.0151845376718533, "keparat": 1.4036346667508637, "kampang": 1.8934582073833373, "komunis": 1.1315153398678017, "cocot": 1.0766897962359794, "rezim": 1.1144265573819983, "burik": 0.8430299539390589, "bisyar": 1.1573408018292253, "gembrot": 1.3379886825431038, "nista": 0.8028049455398608, "goblok": 1.1291618807358457, "jembud": 1.022240620776813, "perek": 1.060822328777737, "bego": 0.5528972362854576, "kampret": 1.3339544318874084, "edan": 0.6342525549070497, "cungkring": 2.12954590764945, "bispak": 0.9315548779962011, "ayam kampus": 3.084850093110925, "asing": 1.4109041561664561, "budek": 0.6730087330002341, "jablay": 0.8733708809530645, "sange": 0.7654595375324439, "kimak": 0.8455126978007484, "mampus": 1.3486865731862152, "pecun": 0.7746237717160775, "tai": 0.6590677534386143, "terkutuk": 1.3159433298902177, "krempeng": 1.476922311593894, "antek": 0.792621144272279, "hina": 0.6495558393458798, "modar": 0.7140591968283568, "sok": 0.6321832841178854, "anjing": 1.5759315020728133, "jijik": 0.7290441187140784, "gila": 0.47124024500704476, "congor": 1.1014411099330434, "rejim": 0.7242791650917488, "bacot": 0.8789606920790141, "banci": 0.897304405164769, "gembel": 1.1849989676166972, "panastak": 1.4758123364109317, "tolol": 0.6295346511955366, "benci": 0.7666811183749777, "memek": 0.6898793146633191, "dongok": 1.146027918961324, "nete": 0.4395414079231831, "idiot": 0.6829173739097878, "picek": 0.6778518300575362, "cct": 0.7305095150399018, "koreng": 1.2376108680004294, "bani": 0.880502685790806, "celeng": 1.2914696174529257, "porno": 0.684139220295177, "serbet": 0.8953441071184618, "ngewe": 0.5533467225318005, "jancuk": 1.155415735807706, "jamban": 1.4820481673830521, "sarap": 0.8682288735585875, "geblek": 1.0908868337104423, "bangsat": 1.6408750670719914, "buaya": 1.0609272598478168, "kampungan": 1.8713831437970154, "kafir": 1.1618444256835982, "pasukan nasi": 3.6725356268530365, "kontol": 0.9617983971485394, "onta": 0.5980026877619569, "berengsek": 1.5702481764425233, "titit": 0.6123787944782311, "bangkai": 1.810738825981769, "sipit": 0.6853371040035952, "homo": 0.4240595139058294, "culun": 0.6509529028584722, "sitip": 0.6107607830476496, "jembut": 1.3696598050675952, "monyet": 0.8962762164741613, "taplak": 1.1939977367780832, "bani kotak": 2.8038800776304553, "cebong": 1.448898340263077, "najis": 0.8786455257543426, "lengser": 1.2198777071721674, "tuyul": 0.6866479798093934, "lesbi": 0.8533385912926672, "iblis": 0.7236413346346909, "autis": 0.6432545570817576, "kejam": 1.1702618526407897, "babi": 0.6363298976464695, "alay": 0.48679665397978206, "ateis": 0.7184412572458113, "bandot": 1.1581276433911822, "sampah": 1.348102994987396, "lonte": 0.6013127601724307, "munafik": 1.4400057465501699, "ngaceng": 1.3248323825657056, "cebonk": 1.0652119861712777, "berak": 1.1971680542155734, "ngentot": 1.219724815553678, "gay": 0.4379639300234996, "cupu": 0.3808072681579602, "bencong": 1.6233316221472782, "pantat": 1.3185417493765503, "cacat": 0.9767487589378905, "lgbt": 0.6592452988231352, "bisu": 0.29588429695237334, "sontoloyo": 1.270678969199227, "silit": 0.7677245882945816, "mucikari": 1.2924476555687237, "noob": 0.2393574075190791, "panasbung": 1.987606384885249, "gendut": 1.2697452688670665, "udik": 0.8482594882485373}