{"bego": 0.937037037037037, "rejim": 2.0344827586206895, "asing": 1.2438557272465816, "anjing": 1.7000371554674834, "perek": 1.0132867132867132, "gembrot": 1.9755760368663595, "sinting": 1.9527424717370407, "ngentot": 1.977651515151515, "burik": 1.0787248787248787, "dongok": 1.9395604395604396, "haha": 1.0737373737373739, "berengsek": 2.393960872009653, "ampas": 1.1494708994708995, "jembud": 1.3825396825396825, "celeng": 1.8214634146341464, "kimak": 1.0483340189222543, "homo": 1.0333333333333332, "gembel": 1.3558069170972396, "buaya": 1.7866795366795367, "cungkring": 2.453082825124303, "jembut": 2.1312576312576312, "tolol": 1.6834415584415585, "congor": 1.1964285714285714, "geblek": 3.0878136200716844, "monyet": 2.7095238095238097, "transgender": 4.3091896407685875, "cebong": 2.6447619047619044, "cacat": 1.2775757575757576, "edan": 1.6917293233082706, "culun": 1.2694805194805194, "sange": 0.5285724317418359, "lengser": 2.0006938076899567, "lonte": 0.6688034188034189, "kontol": 1.463146853146853, "kampret": 2.4014550264550265, "nista": 0.7307312252964427, "sampah": 1.5250174703004893, "panasbung": 3.6794926066378575, "memek": 1.3269230769230769, "bangsat": 2.0694221154537145, "seks": 0.32499999999999996, "anjir": 1.6871565934065935, "tuyul": 2.0769230769230766, "ayam kampus": 5.723665223665224, "kafir": 1.2023809523809523, "pasukan nasi": 5.368896394283391, "ngaceng": 2.0295586527293845, "udik": 1.3095238095238093, "dungu": 1.25891861761427, "najis": 1.6233333333333335, "budek": 1.808108108108108, "serbet": 1.9412280701754385, "pantat": 1.1629747394453278, "pecun": 1.2212121212121212, "banci": 1.1240634190001277, "jijik": 2.4242424242424243, "hina": 0.8705128205128205, "kacrut": 2.592857142857143, "panastak": 1.7041302877972777, "kampungan": 2.7792223477006086, "lgbt": 3.0, "sipit": 1.7088235294117649, "cupu": 2.090909090909091, "iblis": 1.5208333333333333, "idiot": 1.1428571428571428, "kampang": 2.4740219364306952, "lesbi": 2.380952380952381, "jancuk": 1.3524531024531026, "mampus": 1.791232791232791, "gila": 0.7955182072829132, "jamban": 1.2006136029729497, "benci": 1.0984848484848486, "bacot": 1.858649789029536, "ateis": 1.825, "bisyar": 2.2943121693121693, "bani": 0.6860583684950774, "kunyuk": 1.7850000000000001, "sitip": 0.9795518207282912, "onta": 0.593035343035343, "bodoh": 2.1203703703703702, "bencong": 2.5925324675324677, "kejam": 1.3598484848484849, "ngewe": 2.190909090909091, "bandot": 1.7158660608027696, "koreng": 1.6546502278209596, "bani kotak": 4.874153606590315, "tai": 0.5754716981132075, "bispak": 2.2435185185185182, "picek": 2.125, "cct": 2.0, "rezim": 3.0344827586206895, "babi": 0.6882911392405063, "goblok": 3.2222222222222223, "modar": 1.3660714285714284, "alay": 0.6017786561264822, "gay": 0.44047619047619047, "bokep": 0.7039682539682539, "cebonk": 2.5376190476190477, "bajingan": 2.075020257117165, "silit": 0.7439096850861556, "sontoloyo": 2.595571095571096, "bejat": 1.7620370370370368, "sok": 0.75, "krempeng": 2.1277379244380676, "bisu": 1.3101851851851851, "porno": 1.7690058479532165, "terkutuk": 2.8855218855218854, "buta": 0.4847854847854848, "sompret": 2.5595238095238093, "berak": 1.0589324618736384, "cocot": 2.295238095238095, "sarap": 1.344953578915843, "keparat": 1.9544011544011546, "setan": 0.9493609022556391, "bangkai": 2.3960438484417064, "antek": 0.9146825396825397, "komunis": 2.183232323232323, "jablay": 1.8095238095238095, "gendut": 1.6534380305602716, "nete": 0.790909090909091, "autis": 1.5428571428571427, "taplak": 1.5484501347708894, "titit": 0.9026315789473685, "noob": 1.6, "bokong": 1.4455266955266954, "munafik": 2.6497835497835496, "mucikari": 2.3599326599326598}