{"kacrut": 2.3411676818756466, "setan": 0.6935763888888888, "terkutuk": 2.784372469635627, "jancuk": 1.1590418353576248, "lgbt": 3.0, "banci": 0.9053921568627451, "bangkai": 2.383169934640523, "buaya": 1.719091847265222, "bokep": 0.6107142857142858, "sampah": 1.2860430862967325, "silit": 0.88531328320802, "taplak": 1.2334311288591882, "cebonk": 2.5475225225225224, "sarap": 1.1159364731653887, "rejim": 1.869047619047619, "burik": 1.064691027926322, "idiot": 0.9722222222222222, "cupu": 2.0625, "kejam": 1.1960183227625087, "ateis": 1.667832167832168, "porno": 1.4817460317460318, "bego": 0.8279678068410462, "ngentot": 1.947422126745435, "bisu": 1.2508361204013378, "kafir": 1.0711125158027812, "dongok": 1.720668100015926, "benci": 0.908702213279678, "lesbi": 2.1954887218045114, "munafik": 1.3357475857475858, "mucikari": 1.595640206166522, "keparat": 1.606899737275893, "culun": 0.9618298368298368, "onta": 0.6243386243386243, "bandot": 1.6137254901960785, "lengser": 1.349744626718311, "bejat": 1.528169014084507, "dungu": 1.1591228743127477, "homo": 1.2444444444444445, "buta": 0.5294117647058824, "gembel": 1.2006058237248387, "bani kotak": 4.5618062982768866, "kampang": 2.1975846744305847, "koreng": 1.4376839826839825, "bokong": 1.3490896358543418, "nete": 0.5732142857142857, "cungkring": 2.1449191279887483, "najis": 1.5910569105691057, "edan": 1.3517316017316017, "cebong": 2.6618082368082367, "krempeng": 1.8037157287157286, "nista": 0.4905453342953343, "sok": 0.8540540540540541, "pecun": 1.2137254901960783, "cct": 1.3333333333333333, "jembud": 1.2557773109243697, "seks": 0.39533730158730157, "sinting": 1.8720630710285882, "kontol": 1.364253922891694, "berengsek": 1.9975794607215487, "panastak": 1.243527918972006, "sompret": 2.2674846792493852, "bispak": 1.372048241613459, "cocot": 1.75, "tuyul": 2.0444444444444443, "panasbung": 3.0982140373173515, "berak": 1.0400241091179172, "bisyar": 1.607978977544195, "antek": 0.8082713175753204, "iblis": 1.2793103448275862, "goblok": 3.186071238702817, "sitip": 1.0007843137254904, "hina": 0.6351925047577222, "ayam kampus": 5.4065894678797894, "bani": 0.7409982174688057, "titit": 0.8075757575757575, "anjing": 1.853517923129394, "jembut": 1.7815126050420167, "pasukan nasi": 5.385218211240048, "asing": 1.2916361416361415, "tolol": 0.7474358974358974, "sontoloyo": 2.449697181276129, "rezim": 2.5357142857142856, "kimak": 0.9410526315789474, "sange": 0.5316605238030068, "cacat": 1.0714285714285714, "gay": 0.4083333333333333, "alay": 0.6749408983451537, "bencong": 2.3313212608987257, "modar": 1.0866402116402116, "sipit": 1.0733333333333333, "kampret": 2.2095817869263716, "kunyuk": 1.4909090909090907, "geblek": 2.22984496124031, "bodoh": 1.9472222222222222, "babi": 0.5379084967320261, "jablay": 1.3415750915750915, "jamban": 1.1617563595824465, "ngaceng": 2.1607059607059607, "ngewe": 1.8555555555555556, "bajingan": 2.2529518943335636, "noob": 1.392156862745098, "komunis": 2.290744810744811, "memek": 1.0460317460317459, "transgender": 4.183565270871773, "mampus": 1.602889886901647, "gembrot": 1.9887392589170976, "bacot": 1.5808823529411764, "autis": 1.081168831168831, "ampas": 0.9401027822080453, "bangsat": 2.030210997442455, "udik": 1.0615384615384615, "perek": 1.0357466063348415, "monyet": 2.0370370370370368, "budek": 0.9730392156862746, "serbet": 1.912210648148148, "gila": 0.5455840455840456, "celeng": 1.4371124371124373, "jijik": 1.8859649122807016, "gendut": 1.533953673825155, "pantat": 1.000380577073186, "lonte": 0.4964646464646465, "tai": 0.6412371134020618, "anjir": 1.3288481484596193, "picek": 1.6071428571428572, "kampungan": 2.663628430144519, "congor": 1.0662087912087914}