{"dungu": 1.0109587694727014, "seks": 0.4199941821506304, "transgender": 4.133804464047046, "bokep": 0.4587412587412587, "sinting": 1.8706740220847817, "anjir": 1.1834608843537415, "setan": 0.6222837060984894, "ampas": 0.8249028344569964, "bajingan": 1.9245770206402972, "bokong": 1.0623376623376624, "buta": 0.38695090439276486, "sompret": 2.013888888888889, "kunyuk": 1.304976404976405, "bodoh": 1.8895238095238094, "bejat": 1.4418164616840115, "kacrut": 2.1668717633184635, "keparat": 1.4802297702297702, "kampang": 1.9972813301802854, "komunis": 2.0529960022369886, "cocot": 1.4569597069597071, "rezim": 2.2775510204081635, "burik": 0.9154850657298638, "bisyar": 1.4377147998200628, "gembrot": 1.5727840435295048, "nista": 0.543255269320843, "goblok": 2.56040777619725, "jembud": 1.0999339458355852, "perek": 0.8510116257495322, "bego": 0.548264097932972, "kampret": 2.209984939481492, "edan": 0.5861566484517304, "cungkring": 2.371651202191924, "bispak": 1.0631313131313131, "ayam kampus": 5.002773883370898, "asing": 1.2301272439645092, "budek": 0.6982409063804412, "jablay": 0.954040404040404, "sange": 0.5244855720961414, "kimak": 0.7142633788975252, "mampus": 1.4789546794274708, "pecun": 0.8182805566526496, "tai": 0.4466484268125855, "terkutuk": 2.3719452998590738, "krempeng": 1.6941027722277724, "antek": 0.5873538011695907, "hina": 0.3982726423902894, "modar": 0.8339127038375158, "sok": 0.9053030303030303, "anjing": 2.131942510254722, "jijik": 1.1439393939393938, "gila": 0.5174972810440791, "congor": 1.1798229548229549, "rejim": 0.9787414965986394, "bacot": 1.4049307666328943, "banci": 0.799942579323055, "gembel": 1.1653159196679383, "panastak": 1.1373053546264178, "tolol": 0.755547405098111, "benci": 0.9076543943939839, "memek": 1.0384615384615383, "dongok": 1.6631223503894312, "nete": 0.40821256038647347, "idiot": 0.6547619047619048, "picek": 1.1201612903225806, "cct": 1.3333333333333333, "koreng": 1.2601376528967991, "bani": 0.6794189852700492, "celeng": 1.2659389873083025, "porno": 1.0651785714285715, "serbet": 1.4994614911200985, "ngewe": 1.981144781144781, "jancuk": 1.0874598519759808, "jamban": 1.1435076526061967, "sarap": 1.0449600600203008, "geblek": 1.2418622621462378, "bangsat": 1.8397274595563917, "buaya": 1.5859173126614987, "kampungan": 2.5099241598553044, "kafir": 1.0463555057463685, "pasukan nasi": 5.332107475047124, "kontol": 1.1997564748838092, "onta": 0.5160320155226776, "berengsek": 1.5519787148391468, "titit": 0.5876688848558177, "bangkai": 2.0221824476844596, "sipit": 0.9074404761904762, "homo": 0.8612440191387559, "culun": 0.5341362126245847, "sitip": 0.7532577614379085, "jembut": 1.6084504293520687, "monyet": 1.4264550264550264, "taplak": 1.0496717480805606, "bani kotak": 4.4298463356974, "cebong": 2.353225463061529, "najis": 1.2417510422870757, "lengser": 1.0943648527510477, "tuyul": 1.7756410256410255, "lesbi": 1.6930232558139535, "iblis": 0.8725988700564971, "autis": 0.9579248366013072, "kejam": 1.04, "babi": 0.4297071608327614, "alay": 0.6430442302940449, "ateis": 1.354978354978355, "bandot": 1.511946080168278, "sampah": 1.1790753316466844, "lonte": 0.6382757970194304, "munafik": 1.617244551779656, "ngaceng": 2.2103974796989503, "cebonk": 1.7111009209369867, "berak": 1.0799024050191703, "ngentot": 1.9279890583628903, "gay": 0.2449438202247191, "cupu": 0.7385012919896641, "bencong": 2.044206181100569, "pantat": 0.8972160753053202, "cacat": 1.1039136302294197, "lgbt": 2.5, "bisu": 0.5355555555555556, "sontoloyo": 1.9204904651299948, "silit": 0.728546626984127, "mucikari": 1.2762191512191512, "noob": 0.7701149425287356, "panasbung": 3.016066134774575, "gendut": 1.3828821301247771, "udik": 0.8461904761904762}